ID,Name,Description,Tree_Is_Rooted,Tree_Type,Tree_Branch_Length_Unit,Media_ID,Source
summary,summary,bayesian,,summary,change,summary,Michael2015
STATE_1,STATE_1,bayesian,Yes,sample,change,posterior,Michael2015
STATE_2,STATE_2,bayesian,Yes,sample,change,posterior,Michael2015
STATE_3,STATE_3,bayesian,Yes,sample,change,posterior,Michael2015
STATE_4,STATE_4,bayesian,Yes,sample,change,posterior,Michael2015
STATE_5,STATE_5,bayesian,Yes,sample,change,posterior,Michael2015
STATE_6,STATE_6,bayesian,Yes,sample,change,posterior,Michael2015
STATE_7,STATE_7,bayesian,Yes,sample,change,posterior,Michael2015
STATE_8,STATE_8,bayesian,Yes,sample,change,posterior,Michael2015
STATE_9,STATE_9,bayesian,Yes,sample,change,posterior,Michael2015
STATE_10,STATE_10,bayesian,Yes,sample,change,posterior,Michael2015
STATE_11,STATE_11,bayesian,Yes,sample,change,posterior,Michael2015
STATE_12,STATE_12,bayesian,Yes,sample,change,posterior,Michael2015
STATE_13,STATE_13,bayesian,Yes,sample,change,posterior,Michael2015
STATE_14,STATE_14,bayesian,Yes,sample,change,posterior,Michael2015
STATE_15,STATE_15,bayesian,Yes,sample,change,posterior,Michael2015
STATE_16,STATE_16,bayesian,Yes,sample,change,posterior,Michael2015
STATE_17,STATE_17,bayesian,Yes,sample,change,posterior,Michael2015
STATE_18,STATE_18,bayesian,Yes,sample,change,posterior,Michael2015
STATE_19,STATE_19,bayesian,Yes,sample,change,posterior,Michael2015
STATE_20,STATE_20,bayesian,Yes,sample,change,posterior,Michael2015
STATE_21,STATE_21,bayesian,Yes,sample,change,posterior,Michael2015
STATE_22,STATE_22,bayesian,Yes,sample,change,posterior,Michael2015
STATE_23,STATE_23,bayesian,Yes,sample,change,posterior,Michael2015
STATE_24,STATE_24,bayesian,Yes,sample,change,posterior,Michael2015
STATE_25,STATE_25,bayesian,Yes,sample,change,posterior,Michael2015
STATE_26,STATE_26,bayesian,Yes,sample,change,posterior,Michael2015
STATE_27,STATE_27,bayesian,Yes,sample,change,posterior,Michael2015
STATE_28,STATE_28,bayesian,Yes,sample,change,posterior,Michael2015
STATE_29,STATE_29,bayesian,Yes,sample,change,posterior,Michael2015
STATE_30,STATE_30,bayesian,Yes,sample,change,posterior,Michael2015
STATE_31,STATE_31,bayesian,Yes,sample,change,posterior,Michael2015
STATE_32,STATE_32,bayesian,Yes,sample,change,posterior,Michael2015
STATE_33,STATE_33,bayesian,Yes,sample,change,posterior,Michael2015
STATE_34,STATE_34,bayesian,Yes,sample,change,posterior,Michael2015
STATE_35,STATE_35,bayesian,Yes,sample,change,posterior,Michael2015
STATE_36,STATE_36,bayesian,Yes,sample,change,posterior,Michael2015
STATE_37,STATE_37,bayesian,Yes,sample,change,posterior,Michael2015
STATE_38,STATE_38,bayesian,Yes,sample,change,posterior,Michael2015
STATE_39,STATE_39,bayesian,Yes,sample,change,posterior,Michael2015
STATE_40,STATE_40,bayesian,Yes,sample,change,posterior,Michael2015
STATE_41,STATE_41,bayesian,Yes,sample,change,posterior,Michael2015
STATE_42,STATE_42,bayesian,Yes,sample,change,posterior,Michael2015
STATE_43,STATE_43,bayesian,Yes,sample,change,posterior,Michael2015
STATE_44,STATE_44,bayesian,Yes,sample,change,posterior,Michael2015
STATE_45,STATE_45,bayesian,Yes,sample,change,posterior,Michael2015
STATE_46,STATE_46,bayesian,Yes,sample,change,posterior,Michael2015
STATE_47,STATE_47,bayesian,Yes,sample,change,posterior,Michael2015
STATE_48,STATE_48,bayesian,Yes,sample,change,posterior,Michael2015
STATE_49,STATE_49,bayesian,Yes,sample,change,posterior,Michael2015
STATE_50,STATE_50,bayesian,Yes,sample,change,posterior,Michael2015
STATE_51,STATE_51,bayesian,Yes,sample,change,posterior,Michael2015
STATE_52,STATE_52,bayesian,Yes,sample,change,posterior,Michael2015
STATE_53,STATE_53,bayesian,Yes,sample,change,posterior,Michael2015
STATE_54,STATE_54,bayesian,Yes,sample,change,posterior,Michael2015
STATE_55,STATE_55,bayesian,Yes,sample,change,posterior,Michael2015
STATE_56,STATE_56,bayesian,Yes,sample,change,posterior,Michael2015
STATE_57,STATE_57,bayesian,Yes,sample,change,posterior,Michael2015
STATE_58,STATE_58,bayesian,Yes,sample,change,posterior,Michael2015
STATE_59,STATE_59,bayesian,Yes,sample,change,posterior,Michael2015
STATE_60,STATE_60,bayesian,Yes,sample,change,posterior,Michael2015
STATE_61,STATE_61,bayesian,Yes,sample,change,posterior,Michael2015
STATE_62,STATE_62,bayesian,Yes,sample,change,posterior,Michael2015
STATE_63,STATE_63,bayesian,Yes,sample,change,posterior,Michael2015
STATE_64,STATE_64,bayesian,Yes,sample,change,posterior,Michael2015
STATE_65,STATE_65,bayesian,Yes,sample,change,posterior,Michael2015
STATE_66,STATE_66,bayesian,Yes,sample,change,posterior,Michael2015
STATE_67,STATE_67,bayesian,Yes,sample,change,posterior,Michael2015
STATE_68,STATE_68,bayesian,Yes,sample,change,posterior,Michael2015
STATE_69,STATE_69,bayesian,Yes,sample,change,posterior,Michael2015
STATE_70,STATE_70,bayesian,Yes,sample,change,posterior,Michael2015
STATE_71,STATE_71,bayesian,Yes,sample,change,posterior,Michael2015
STATE_72,STATE_72,bayesian,Yes,sample,change,posterior,Michael2015
STATE_73,STATE_73,bayesian,Yes,sample,change,posterior,Michael2015
STATE_74,STATE_74,bayesian,Yes,sample,change,posterior,Michael2015
STATE_75,STATE_75,bayesian,Yes,sample,change,posterior,Michael2015
STATE_76,STATE_76,bayesian,Yes,sample,change,posterior,Michael2015
STATE_77,STATE_77,bayesian,Yes,sample,change,posterior,Michael2015
STATE_78,STATE_78,bayesian,Yes,sample,change,posterior,Michael2015
STATE_79,STATE_79,bayesian,Yes,sample,change,posterior,Michael2015
STATE_80,STATE_80,bayesian,Yes,sample,change,posterior,Michael2015
STATE_81,STATE_81,bayesian,Yes,sample,change,posterior,Michael2015
STATE_82,STATE_82,bayesian,Yes,sample,change,posterior,Michael2015
STATE_83,STATE_83,bayesian,Yes,sample,change,posterior,Michael2015
STATE_84,STATE_84,bayesian,Yes,sample,change,posterior,Michael2015
STATE_85,STATE_85,bayesian,Yes,sample,change,posterior,Michael2015
STATE_86,STATE_86,bayesian,Yes,sample,change,posterior,Michael2015
STATE_87,STATE_87,bayesian,Yes,sample,change,posterior,Michael2015
STATE_88,STATE_88,bayesian,Yes,sample,change,posterior,Michael2015
STATE_89,STATE_89,bayesian,Yes,sample,change,posterior,Michael2015
STATE_90,STATE_90,bayesian,Yes,sample,change,posterior,Michael2015
STATE_91,STATE_91,bayesian,Yes,sample,change,posterior,Michael2015
STATE_92,STATE_92,bayesian,Yes,sample,change,posterior,Michael2015
STATE_93,STATE_93,bayesian,Yes,sample,change,posterior,Michael2015
STATE_94,STATE_94,bayesian,Yes,sample,change,posterior,Michael2015
STATE_95,STATE_95,bayesian,Yes,sample,change,posterior,Michael2015
STATE_96,STATE_96,bayesian,Yes,sample,change,posterior,Michael2015
STATE_97,STATE_97,bayesian,Yes,sample,change,posterior,Michael2015
STATE_98,STATE_98,bayesian,Yes,sample,change,posterior,Michael2015
STATE_99,STATE_99,bayesian,Yes,sample,change,posterior,Michael2015
STATE_100,STATE_100,bayesian,Yes,sample,change,posterior,Michael2015
STATE_101,STATE_101,bayesian,Yes,sample,change,posterior,Michael2015
STATE_102,STATE_102,bayesian,Yes,sample,change,posterior,Michael2015
STATE_103,STATE_103,bayesian,Yes,sample,change,posterior,Michael2015
STATE_104,STATE_104,bayesian,Yes,sample,change,posterior,Michael2015
STATE_105,STATE_105,bayesian,Yes,sample,change,posterior,Michael2015
STATE_106,STATE_106,bayesian,Yes,sample,change,posterior,Michael2015
STATE_107,STATE_107,bayesian,Yes,sample,change,posterior,Michael2015
STATE_108,STATE_108,bayesian,Yes,sample,change,posterior,Michael2015
STATE_109,STATE_109,bayesian,Yes,sample,change,posterior,Michael2015
STATE_110,STATE_110,bayesian,Yes,sample,change,posterior,Michael2015
STATE_111,STATE_111,bayesian,Yes,sample,change,posterior,Michael2015
STATE_112,STATE_112,bayesian,Yes,sample,change,posterior,Michael2015
STATE_113,STATE_113,bayesian,Yes,sample,change,posterior,Michael2015
STATE_114,STATE_114,bayesian,Yes,sample,change,posterior,Michael2015
STATE_115,STATE_115,bayesian,Yes,sample,change,posterior,Michael2015
STATE_116,STATE_116,bayesian,Yes,sample,change,posterior,Michael2015
STATE_117,STATE_117,bayesian,Yes,sample,change,posterior,Michael2015
STATE_118,STATE_118,bayesian,Yes,sample,change,posterior,Michael2015
STATE_119,STATE_119,bayesian,Yes,sample,change,posterior,Michael2015
STATE_120,STATE_120,bayesian,Yes,sample,change,posterior,Michael2015
STATE_121,STATE_121,bayesian,Yes,sample,change,posterior,Michael2015
STATE_122,STATE_122,bayesian,Yes,sample,change,posterior,Michael2015
STATE_123,STATE_123,bayesian,Yes,sample,change,posterior,Michael2015
STATE_124,STATE_124,bayesian,Yes,sample,change,posterior,Michael2015
STATE_125,STATE_125,bayesian,Yes,sample,change,posterior,Michael2015
STATE_126,STATE_126,bayesian,Yes,sample,change,posterior,Michael2015
STATE_127,STATE_127,bayesian,Yes,sample,change,posterior,Michael2015
STATE_128,STATE_128,bayesian,Yes,sample,change,posterior,Michael2015
STATE_129,STATE_129,bayesian,Yes,sample,change,posterior,Michael2015
STATE_130,STATE_130,bayesian,Yes,sample,change,posterior,Michael2015
STATE_131,STATE_131,bayesian,Yes,sample,change,posterior,Michael2015
STATE_132,STATE_132,bayesian,Yes,sample,change,posterior,Michael2015
STATE_133,STATE_133,bayesian,Yes,sample,change,posterior,Michael2015
STATE_134,STATE_134,bayesian,Yes,sample,change,posterior,Michael2015
STATE_135,STATE_135,bayesian,Yes,sample,change,posterior,Michael2015
STATE_136,STATE_136,bayesian,Yes,sample,change,posterior,Michael2015
STATE_137,STATE_137,bayesian,Yes,sample,change,posterior,Michael2015
STATE_138,STATE_138,bayesian,Yes,sample,change,posterior,Michael2015
STATE_139,STATE_139,bayesian,Yes,sample,change,posterior,Michael2015
STATE_140,STATE_140,bayesian,Yes,sample,change,posterior,Michael2015
STATE_141,STATE_141,bayesian,Yes,sample,change,posterior,Michael2015
STATE_142,STATE_142,bayesian,Yes,sample,change,posterior,Michael2015
STATE_143,STATE_143,bayesian,Yes,sample,change,posterior,Michael2015
STATE_144,STATE_144,bayesian,Yes,sample,change,posterior,Michael2015
STATE_145,STATE_145,bayesian,Yes,sample,change,posterior,Michael2015
STATE_146,STATE_146,bayesian,Yes,sample,change,posterior,Michael2015
STATE_147,STATE_147,bayesian,Yes,sample,change,posterior,Michael2015
STATE_148,STATE_148,bayesian,Yes,sample,change,posterior,Michael2015
STATE_149,STATE_149,bayesian,Yes,sample,change,posterior,Michael2015
STATE_150,STATE_150,bayesian,Yes,sample,change,posterior,Michael2015
STATE_151,STATE_151,bayesian,Yes,sample,change,posterior,Michael2015
STATE_152,STATE_152,bayesian,Yes,sample,change,posterior,Michael2015
STATE_153,STATE_153,bayesian,Yes,sample,change,posterior,Michael2015
STATE_154,STATE_154,bayesian,Yes,sample,change,posterior,Michael2015
STATE_155,STATE_155,bayesian,Yes,sample,change,posterior,Michael2015
STATE_156,STATE_156,bayesian,Yes,sample,change,posterior,Michael2015
STATE_157,STATE_157,bayesian,Yes,sample,change,posterior,Michael2015
STATE_158,STATE_158,bayesian,Yes,sample,change,posterior,Michael2015
STATE_159,STATE_159,bayesian,Yes,sample,change,posterior,Michael2015
STATE_160,STATE_160,bayesian,Yes,sample,change,posterior,Michael2015
STATE_161,STATE_161,bayesian,Yes,sample,change,posterior,Michael2015
STATE_162,STATE_162,bayesian,Yes,sample,change,posterior,Michael2015
STATE_163,STATE_163,bayesian,Yes,sample,change,posterior,Michael2015
STATE_164,STATE_164,bayesian,Yes,sample,change,posterior,Michael2015
STATE_165,STATE_165,bayesian,Yes,sample,change,posterior,Michael2015
STATE_166,STATE_166,bayesian,Yes,sample,change,posterior,Michael2015
STATE_167,STATE_167,bayesian,Yes,sample,change,posterior,Michael2015
STATE_168,STATE_168,bayesian,Yes,sample,change,posterior,Michael2015
STATE_169,STATE_169,bayesian,Yes,sample,change,posterior,Michael2015
STATE_170,STATE_170,bayesian,Yes,sample,change,posterior,Michael2015
STATE_171,STATE_171,bayesian,Yes,sample,change,posterior,Michael2015
STATE_172,STATE_172,bayesian,Yes,sample,change,posterior,Michael2015
STATE_173,STATE_173,bayesian,Yes,sample,change,posterior,Michael2015
STATE_174,STATE_174,bayesian,Yes,sample,change,posterior,Michael2015
STATE_175,STATE_175,bayesian,Yes,sample,change,posterior,Michael2015
STATE_176,STATE_176,bayesian,Yes,sample,change,posterior,Michael2015
STATE_177,STATE_177,bayesian,Yes,sample,change,posterior,Michael2015
STATE_178,STATE_178,bayesian,Yes,sample,change,posterior,Michael2015
STATE_179,STATE_179,bayesian,Yes,sample,change,posterior,Michael2015
STATE_180,STATE_180,bayesian,Yes,sample,change,posterior,Michael2015
STATE_181,STATE_181,bayesian,Yes,sample,change,posterior,Michael2015
STATE_182,STATE_182,bayesian,Yes,sample,change,posterior,Michael2015
STATE_183,STATE_183,bayesian,Yes,sample,change,posterior,Michael2015
STATE_184,STATE_184,bayesian,Yes,sample,change,posterior,Michael2015
STATE_185,STATE_185,bayesian,Yes,sample,change,posterior,Michael2015
STATE_186,STATE_186,bayesian,Yes,sample,change,posterior,Michael2015
STATE_187,STATE_187,bayesian,Yes,sample,change,posterior,Michael2015
STATE_188,STATE_188,bayesian,Yes,sample,change,posterior,Michael2015
STATE_189,STATE_189,bayesian,Yes,sample,change,posterior,Michael2015
STATE_190,STATE_190,bayesian,Yes,sample,change,posterior,Michael2015
STATE_191,STATE_191,bayesian,Yes,sample,change,posterior,Michael2015
STATE_192,STATE_192,bayesian,Yes,sample,change,posterior,Michael2015
STATE_193,STATE_193,bayesian,Yes,sample,change,posterior,Michael2015
STATE_194,STATE_194,bayesian,Yes,sample,change,posterior,Michael2015
STATE_195,STATE_195,bayesian,Yes,sample,change,posterior,Michael2015
STATE_196,STATE_196,bayesian,Yes,sample,change,posterior,Michael2015
STATE_197,STATE_197,bayesian,Yes,sample,change,posterior,Michael2015
STATE_198,STATE_198,bayesian,Yes,sample,change,posterior,Michael2015
STATE_199,STATE_199,bayesian,Yes,sample,change,posterior,Michael2015
STATE_200,STATE_200,bayesian,Yes,sample,change,posterior,Michael2015
STATE_201,STATE_201,bayesian,Yes,sample,change,posterior,Michael2015
STATE_202,STATE_202,bayesian,Yes,sample,change,posterior,Michael2015
STATE_203,STATE_203,bayesian,Yes,sample,change,posterior,Michael2015
STATE_204,STATE_204,bayesian,Yes,sample,change,posterior,Michael2015
STATE_205,STATE_205,bayesian,Yes,sample,change,posterior,Michael2015
STATE_206,STATE_206,bayesian,Yes,sample,change,posterior,Michael2015
STATE_207,STATE_207,bayesian,Yes,sample,change,posterior,Michael2015
STATE_208,STATE_208,bayesian,Yes,sample,change,posterior,Michael2015
STATE_209,STATE_209,bayesian,Yes,sample,change,posterior,Michael2015
STATE_210,STATE_210,bayesian,Yes,sample,change,posterior,Michael2015
STATE_211,STATE_211,bayesian,Yes,sample,change,posterior,Michael2015
STATE_212,STATE_212,bayesian,Yes,sample,change,posterior,Michael2015
STATE_213,STATE_213,bayesian,Yes,sample,change,posterior,Michael2015
STATE_214,STATE_214,bayesian,Yes,sample,change,posterior,Michael2015
STATE_215,STATE_215,bayesian,Yes,sample,change,posterior,Michael2015
STATE_216,STATE_216,bayesian,Yes,sample,change,posterior,Michael2015
STATE_217,STATE_217,bayesian,Yes,sample,change,posterior,Michael2015
STATE_218,STATE_218,bayesian,Yes,sample,change,posterior,Michael2015
STATE_219,STATE_219,bayesian,Yes,sample,change,posterior,Michael2015
STATE_220,STATE_220,bayesian,Yes,sample,change,posterior,Michael2015
STATE_221,STATE_221,bayesian,Yes,sample,change,posterior,Michael2015
STATE_222,STATE_222,bayesian,Yes,sample,change,posterior,Michael2015
STATE_223,STATE_223,bayesian,Yes,sample,change,posterior,Michael2015
STATE_224,STATE_224,bayesian,Yes,sample,change,posterior,Michael2015
STATE_225,STATE_225,bayesian,Yes,sample,change,posterior,Michael2015
STATE_226,STATE_226,bayesian,Yes,sample,change,posterior,Michael2015
STATE_227,STATE_227,bayesian,Yes,sample,change,posterior,Michael2015
STATE_228,STATE_228,bayesian,Yes,sample,change,posterior,Michael2015
STATE_229,STATE_229,bayesian,Yes,sample,change,posterior,Michael2015
STATE_230,STATE_230,bayesian,Yes,sample,change,posterior,Michael2015
STATE_231,STATE_231,bayesian,Yes,sample,change,posterior,Michael2015
STATE_232,STATE_232,bayesian,Yes,sample,change,posterior,Michael2015
STATE_233,STATE_233,bayesian,Yes,sample,change,posterior,Michael2015
STATE_234,STATE_234,bayesian,Yes,sample,change,posterior,Michael2015
STATE_235,STATE_235,bayesian,Yes,sample,change,posterior,Michael2015
STATE_236,STATE_236,bayesian,Yes,sample,change,posterior,Michael2015
STATE_237,STATE_237,bayesian,Yes,sample,change,posterior,Michael2015
STATE_238,STATE_238,bayesian,Yes,sample,change,posterior,Michael2015
STATE_239,STATE_239,bayesian,Yes,sample,change,posterior,Michael2015
STATE_240,STATE_240,bayesian,Yes,sample,change,posterior,Michael2015
STATE_241,STATE_241,bayesian,Yes,sample,change,posterior,Michael2015
STATE_242,STATE_242,bayesian,Yes,sample,change,posterior,Michael2015
STATE_243,STATE_243,bayesian,Yes,sample,change,posterior,Michael2015
STATE_244,STATE_244,bayesian,Yes,sample,change,posterior,Michael2015
STATE_245,STATE_245,bayesian,Yes,sample,change,posterior,Michael2015
STATE_246,STATE_246,bayesian,Yes,sample,change,posterior,Michael2015
STATE_247,STATE_247,bayesian,Yes,sample,change,posterior,Michael2015
STATE_248,STATE_248,bayesian,Yes,sample,change,posterior,Michael2015
STATE_249,STATE_249,bayesian,Yes,sample,change,posterior,Michael2015
STATE_250,STATE_250,bayesian,Yes,sample,change,posterior,Michael2015
STATE_251,STATE_251,bayesian,Yes,sample,change,posterior,Michael2015
STATE_252,STATE_252,bayesian,Yes,sample,change,posterior,Michael2015
STATE_253,STATE_253,bayesian,Yes,sample,change,posterior,Michael2015
STATE_254,STATE_254,bayesian,Yes,sample,change,posterior,Michael2015
STATE_255,STATE_255,bayesian,Yes,sample,change,posterior,Michael2015
STATE_256,STATE_256,bayesian,Yes,sample,change,posterior,Michael2015
STATE_257,STATE_257,bayesian,Yes,sample,change,posterior,Michael2015
STATE_258,STATE_258,bayesian,Yes,sample,change,posterior,Michael2015
STATE_259,STATE_259,bayesian,Yes,sample,change,posterior,Michael2015
STATE_260,STATE_260,bayesian,Yes,sample,change,posterior,Michael2015
STATE_261,STATE_261,bayesian,Yes,sample,change,posterior,Michael2015
STATE_262,STATE_262,bayesian,Yes,sample,change,posterior,Michael2015
STATE_263,STATE_263,bayesian,Yes,sample,change,posterior,Michael2015
STATE_264,STATE_264,bayesian,Yes,sample,change,posterior,Michael2015
STATE_265,STATE_265,bayesian,Yes,sample,change,posterior,Michael2015
STATE_266,STATE_266,bayesian,Yes,sample,change,posterior,Michael2015
STATE_267,STATE_267,bayesian,Yes,sample,change,posterior,Michael2015
STATE_268,STATE_268,bayesian,Yes,sample,change,posterior,Michael2015
STATE_269,STATE_269,bayesian,Yes,sample,change,posterior,Michael2015
STATE_270,STATE_270,bayesian,Yes,sample,change,posterior,Michael2015
STATE_271,STATE_271,bayesian,Yes,sample,change,posterior,Michael2015
STATE_272,STATE_272,bayesian,Yes,sample,change,posterior,Michael2015
STATE_273,STATE_273,bayesian,Yes,sample,change,posterior,Michael2015
STATE_274,STATE_274,bayesian,Yes,sample,change,posterior,Michael2015
STATE_275,STATE_275,bayesian,Yes,sample,change,posterior,Michael2015
STATE_276,STATE_276,bayesian,Yes,sample,change,posterior,Michael2015
STATE_277,STATE_277,bayesian,Yes,sample,change,posterior,Michael2015
STATE_278,STATE_278,bayesian,Yes,sample,change,posterior,Michael2015
STATE_279,STATE_279,bayesian,Yes,sample,change,posterior,Michael2015
STATE_280,STATE_280,bayesian,Yes,sample,change,posterior,Michael2015
STATE_281,STATE_281,bayesian,Yes,sample,change,posterior,Michael2015
STATE_282,STATE_282,bayesian,Yes,sample,change,posterior,Michael2015
STATE_283,STATE_283,bayesian,Yes,sample,change,posterior,Michael2015
STATE_284,STATE_284,bayesian,Yes,sample,change,posterior,Michael2015
STATE_285,STATE_285,bayesian,Yes,sample,change,posterior,Michael2015
STATE_286,STATE_286,bayesian,Yes,sample,change,posterior,Michael2015
STATE_287,STATE_287,bayesian,Yes,sample,change,posterior,Michael2015
STATE_288,STATE_288,bayesian,Yes,sample,change,posterior,Michael2015
STATE_289,STATE_289,bayesian,Yes,sample,change,posterior,Michael2015
STATE_290,STATE_290,bayesian,Yes,sample,change,posterior,Michael2015
STATE_291,STATE_291,bayesian,Yes,sample,change,posterior,Michael2015
STATE_292,STATE_292,bayesian,Yes,sample,change,posterior,Michael2015
STATE_293,STATE_293,bayesian,Yes,sample,change,posterior,Michael2015
STATE_294,STATE_294,bayesian,Yes,sample,change,posterior,Michael2015
STATE_295,STATE_295,bayesian,Yes,sample,change,posterior,Michael2015
STATE_296,STATE_296,bayesian,Yes,sample,change,posterior,Michael2015
STATE_297,STATE_297,bayesian,Yes,sample,change,posterior,Michael2015
STATE_298,STATE_298,bayesian,Yes,sample,change,posterior,Michael2015
STATE_299,STATE_299,bayesian,Yes,sample,change,posterior,Michael2015
STATE_300,STATE_300,bayesian,Yes,sample,change,posterior,Michael2015
STATE_301,STATE_301,bayesian,Yes,sample,change,posterior,Michael2015
STATE_302,STATE_302,bayesian,Yes,sample,change,posterior,Michael2015
STATE_303,STATE_303,bayesian,Yes,sample,change,posterior,Michael2015
STATE_304,STATE_304,bayesian,Yes,sample,change,posterior,Michael2015
STATE_305,STATE_305,bayesian,Yes,sample,change,posterior,Michael2015
STATE_306,STATE_306,bayesian,Yes,sample,change,posterior,Michael2015
STATE_307,STATE_307,bayesian,Yes,sample,change,posterior,Michael2015
STATE_308,STATE_308,bayesian,Yes,sample,change,posterior,Michael2015
STATE_309,STATE_309,bayesian,Yes,sample,change,posterior,Michael2015
STATE_310,STATE_310,bayesian,Yes,sample,change,posterior,Michael2015
STATE_311,STATE_311,bayesian,Yes,sample,change,posterior,Michael2015
STATE_312,STATE_312,bayesian,Yes,sample,change,posterior,Michael2015
STATE_313,STATE_313,bayesian,Yes,sample,change,posterior,Michael2015
STATE_314,STATE_314,bayesian,Yes,sample,change,posterior,Michael2015
STATE_315,STATE_315,bayesian,Yes,sample,change,posterior,Michael2015
STATE_316,STATE_316,bayesian,Yes,sample,change,posterior,Michael2015
STATE_317,STATE_317,bayesian,Yes,sample,change,posterior,Michael2015
STATE_318,STATE_318,bayesian,Yes,sample,change,posterior,Michael2015
STATE_319,STATE_319,bayesian,Yes,sample,change,posterior,Michael2015
STATE_320,STATE_320,bayesian,Yes,sample,change,posterior,Michael2015
STATE_321,STATE_321,bayesian,Yes,sample,change,posterior,Michael2015
STATE_322,STATE_322,bayesian,Yes,sample,change,posterior,Michael2015
STATE_323,STATE_323,bayesian,Yes,sample,change,posterior,Michael2015
STATE_324,STATE_324,bayesian,Yes,sample,change,posterior,Michael2015
STATE_325,STATE_325,bayesian,Yes,sample,change,posterior,Michael2015
STATE_326,STATE_326,bayesian,Yes,sample,change,posterior,Michael2015
STATE_327,STATE_327,bayesian,Yes,sample,change,posterior,Michael2015
STATE_328,STATE_328,bayesian,Yes,sample,change,posterior,Michael2015
STATE_329,STATE_329,bayesian,Yes,sample,change,posterior,Michael2015
STATE_330,STATE_330,bayesian,Yes,sample,change,posterior,Michael2015
STATE_331,STATE_331,bayesian,Yes,sample,change,posterior,Michael2015
STATE_332,STATE_332,bayesian,Yes,sample,change,posterior,Michael2015
STATE_333,STATE_333,bayesian,Yes,sample,change,posterior,Michael2015
STATE_334,STATE_334,bayesian,Yes,sample,change,posterior,Michael2015
STATE_335,STATE_335,bayesian,Yes,sample,change,posterior,Michael2015
STATE_336,STATE_336,bayesian,Yes,sample,change,posterior,Michael2015
STATE_337,STATE_337,bayesian,Yes,sample,change,posterior,Michael2015
STATE_338,STATE_338,bayesian,Yes,sample,change,posterior,Michael2015
STATE_339,STATE_339,bayesian,Yes,sample,change,posterior,Michael2015
STATE_340,STATE_340,bayesian,Yes,sample,change,posterior,Michael2015
STATE_341,STATE_341,bayesian,Yes,sample,change,posterior,Michael2015
STATE_342,STATE_342,bayesian,Yes,sample,change,posterior,Michael2015
STATE_343,STATE_343,bayesian,Yes,sample,change,posterior,Michael2015
STATE_344,STATE_344,bayesian,Yes,sample,change,posterior,Michael2015
STATE_345,STATE_345,bayesian,Yes,sample,change,posterior,Michael2015
STATE_346,STATE_346,bayesian,Yes,sample,change,posterior,Michael2015
STATE_347,STATE_347,bayesian,Yes,sample,change,posterior,Michael2015
STATE_348,STATE_348,bayesian,Yes,sample,change,posterior,Michael2015
STATE_349,STATE_349,bayesian,Yes,sample,change,posterior,Michael2015
STATE_350,STATE_350,bayesian,Yes,sample,change,posterior,Michael2015
STATE_351,STATE_351,bayesian,Yes,sample,change,posterior,Michael2015
STATE_352,STATE_352,bayesian,Yes,sample,change,posterior,Michael2015
STATE_353,STATE_353,bayesian,Yes,sample,change,posterior,Michael2015
STATE_354,STATE_354,bayesian,Yes,sample,change,posterior,Michael2015
STATE_355,STATE_355,bayesian,Yes,sample,change,posterior,Michael2015
STATE_356,STATE_356,bayesian,Yes,sample,change,posterior,Michael2015
STATE_357,STATE_357,bayesian,Yes,sample,change,posterior,Michael2015
STATE_358,STATE_358,bayesian,Yes,sample,change,posterior,Michael2015
STATE_359,STATE_359,bayesian,Yes,sample,change,posterior,Michael2015
STATE_360,STATE_360,bayesian,Yes,sample,change,posterior,Michael2015
STATE_361,STATE_361,bayesian,Yes,sample,change,posterior,Michael2015
STATE_362,STATE_362,bayesian,Yes,sample,change,posterior,Michael2015
STATE_363,STATE_363,bayesian,Yes,sample,change,posterior,Michael2015
STATE_364,STATE_364,bayesian,Yes,sample,change,posterior,Michael2015
STATE_365,STATE_365,bayesian,Yes,sample,change,posterior,Michael2015
STATE_366,STATE_366,bayesian,Yes,sample,change,posterior,Michael2015
STATE_367,STATE_367,bayesian,Yes,sample,change,posterior,Michael2015
STATE_368,STATE_368,bayesian,Yes,sample,change,posterior,Michael2015
STATE_369,STATE_369,bayesian,Yes,sample,change,posterior,Michael2015
STATE_370,STATE_370,bayesian,Yes,sample,change,posterior,Michael2015
STATE_371,STATE_371,bayesian,Yes,sample,change,posterior,Michael2015
STATE_372,STATE_372,bayesian,Yes,sample,change,posterior,Michael2015
STATE_373,STATE_373,bayesian,Yes,sample,change,posterior,Michael2015
STATE_374,STATE_374,bayesian,Yes,sample,change,posterior,Michael2015
STATE_375,STATE_375,bayesian,Yes,sample,change,posterior,Michael2015
STATE_376,STATE_376,bayesian,Yes,sample,change,posterior,Michael2015
STATE_377,STATE_377,bayesian,Yes,sample,change,posterior,Michael2015
STATE_378,STATE_378,bayesian,Yes,sample,change,posterior,Michael2015
STATE_379,STATE_379,bayesian,Yes,sample,change,posterior,Michael2015
STATE_380,STATE_380,bayesian,Yes,sample,change,posterior,Michael2015
STATE_381,STATE_381,bayesian,Yes,sample,change,posterior,Michael2015
STATE_382,STATE_382,bayesian,Yes,sample,change,posterior,Michael2015
STATE_383,STATE_383,bayesian,Yes,sample,change,posterior,Michael2015
STATE_384,STATE_384,bayesian,Yes,sample,change,posterior,Michael2015
STATE_385,STATE_385,bayesian,Yes,sample,change,posterior,Michael2015
STATE_386,STATE_386,bayesian,Yes,sample,change,posterior,Michael2015
STATE_387,STATE_387,bayesian,Yes,sample,change,posterior,Michael2015
STATE_388,STATE_388,bayesian,Yes,sample,change,posterior,Michael2015
STATE_389,STATE_389,bayesian,Yes,sample,change,posterior,Michael2015
STATE_390,STATE_390,bayesian,Yes,sample,change,posterior,Michael2015
STATE_391,STATE_391,bayesian,Yes,sample,change,posterior,Michael2015
STATE_392,STATE_392,bayesian,Yes,sample,change,posterior,Michael2015
STATE_393,STATE_393,bayesian,Yes,sample,change,posterior,Michael2015
STATE_394,STATE_394,bayesian,Yes,sample,change,posterior,Michael2015
STATE_395,STATE_395,bayesian,Yes,sample,change,posterior,Michael2015
STATE_396,STATE_396,bayesian,Yes,sample,change,posterior,Michael2015
STATE_397,STATE_397,bayesian,Yes,sample,change,posterior,Michael2015
STATE_398,STATE_398,bayesian,Yes,sample,change,posterior,Michael2015
STATE_399,STATE_399,bayesian,Yes,sample,change,posterior,Michael2015
STATE_400,STATE_400,bayesian,Yes,sample,change,posterior,Michael2015
STATE_401,STATE_401,bayesian,Yes,sample,change,posterior,Michael2015
STATE_402,STATE_402,bayesian,Yes,sample,change,posterior,Michael2015
STATE_403,STATE_403,bayesian,Yes,sample,change,posterior,Michael2015
STATE_404,STATE_404,bayesian,Yes,sample,change,posterior,Michael2015
STATE_405,STATE_405,bayesian,Yes,sample,change,posterior,Michael2015
STATE_406,STATE_406,bayesian,Yes,sample,change,posterior,Michael2015
STATE_407,STATE_407,bayesian,Yes,sample,change,posterior,Michael2015
STATE_408,STATE_408,bayesian,Yes,sample,change,posterior,Michael2015
STATE_409,STATE_409,bayesian,Yes,sample,change,posterior,Michael2015
STATE_410,STATE_410,bayesian,Yes,sample,change,posterior,Michael2015
STATE_411,STATE_411,bayesian,Yes,sample,change,posterior,Michael2015
STATE_412,STATE_412,bayesian,Yes,sample,change,posterior,Michael2015
STATE_413,STATE_413,bayesian,Yes,sample,change,posterior,Michael2015
STATE_414,STATE_414,bayesian,Yes,sample,change,posterior,Michael2015
STATE_415,STATE_415,bayesian,Yes,sample,change,posterior,Michael2015
STATE_416,STATE_416,bayesian,Yes,sample,change,posterior,Michael2015
STATE_417,STATE_417,bayesian,Yes,sample,change,posterior,Michael2015
STATE_418,STATE_418,bayesian,Yes,sample,change,posterior,Michael2015
STATE_419,STATE_419,bayesian,Yes,sample,change,posterior,Michael2015
STATE_420,STATE_420,bayesian,Yes,sample,change,posterior,Michael2015
STATE_421,STATE_421,bayesian,Yes,sample,change,posterior,Michael2015
STATE_422,STATE_422,bayesian,Yes,sample,change,posterior,Michael2015
STATE_423,STATE_423,bayesian,Yes,sample,change,posterior,Michael2015
STATE_424,STATE_424,bayesian,Yes,sample,change,posterior,Michael2015
STATE_425,STATE_425,bayesian,Yes,sample,change,posterior,Michael2015
STATE_426,STATE_426,bayesian,Yes,sample,change,posterior,Michael2015
STATE_427,STATE_427,bayesian,Yes,sample,change,posterior,Michael2015
STATE_428,STATE_428,bayesian,Yes,sample,change,posterior,Michael2015
STATE_429,STATE_429,bayesian,Yes,sample,change,posterior,Michael2015
STATE_430,STATE_430,bayesian,Yes,sample,change,posterior,Michael2015
STATE_431,STATE_431,bayesian,Yes,sample,change,posterior,Michael2015
STATE_432,STATE_432,bayesian,Yes,sample,change,posterior,Michael2015
STATE_433,STATE_433,bayesian,Yes,sample,change,posterior,Michael2015
STATE_434,STATE_434,bayesian,Yes,sample,change,posterior,Michael2015
STATE_435,STATE_435,bayesian,Yes,sample,change,posterior,Michael2015
STATE_436,STATE_436,bayesian,Yes,sample,change,posterior,Michael2015
STATE_437,STATE_437,bayesian,Yes,sample,change,posterior,Michael2015
STATE_438,STATE_438,bayesian,Yes,sample,change,posterior,Michael2015
STATE_439,STATE_439,bayesian,Yes,sample,change,posterior,Michael2015
STATE_440,STATE_440,bayesian,Yes,sample,change,posterior,Michael2015
STATE_441,STATE_441,bayesian,Yes,sample,change,posterior,Michael2015
STATE_442,STATE_442,bayesian,Yes,sample,change,posterior,Michael2015
STATE_443,STATE_443,bayesian,Yes,sample,change,posterior,Michael2015
STATE_444,STATE_444,bayesian,Yes,sample,change,posterior,Michael2015
STATE_445,STATE_445,bayesian,Yes,sample,change,posterior,Michael2015
STATE_446,STATE_446,bayesian,Yes,sample,change,posterior,Michael2015
STATE_447,STATE_447,bayesian,Yes,sample,change,posterior,Michael2015
STATE_448,STATE_448,bayesian,Yes,sample,change,posterior,Michael2015
STATE_449,STATE_449,bayesian,Yes,sample,change,posterior,Michael2015
STATE_450,STATE_450,bayesian,Yes,sample,change,posterior,Michael2015
STATE_451,STATE_451,bayesian,Yes,sample,change,posterior,Michael2015
STATE_452,STATE_452,bayesian,Yes,sample,change,posterior,Michael2015
STATE_453,STATE_453,bayesian,Yes,sample,change,posterior,Michael2015
STATE_454,STATE_454,bayesian,Yes,sample,change,posterior,Michael2015
STATE_455,STATE_455,bayesian,Yes,sample,change,posterior,Michael2015
STATE_456,STATE_456,bayesian,Yes,sample,change,posterior,Michael2015
STATE_457,STATE_457,bayesian,Yes,sample,change,posterior,Michael2015
STATE_458,STATE_458,bayesian,Yes,sample,change,posterior,Michael2015
STATE_459,STATE_459,bayesian,Yes,sample,change,posterior,Michael2015
STATE_460,STATE_460,bayesian,Yes,sample,change,posterior,Michael2015
STATE_461,STATE_461,bayesian,Yes,sample,change,posterior,Michael2015
STATE_462,STATE_462,bayesian,Yes,sample,change,posterior,Michael2015
STATE_463,STATE_463,bayesian,Yes,sample,change,posterior,Michael2015
STATE_464,STATE_464,bayesian,Yes,sample,change,posterior,Michael2015
STATE_465,STATE_465,bayesian,Yes,sample,change,posterior,Michael2015
STATE_466,STATE_466,bayesian,Yes,sample,change,posterior,Michael2015
STATE_467,STATE_467,bayesian,Yes,sample,change,posterior,Michael2015
STATE_468,STATE_468,bayesian,Yes,sample,change,posterior,Michael2015
STATE_469,STATE_469,bayesian,Yes,sample,change,posterior,Michael2015
STATE_470,STATE_470,bayesian,Yes,sample,change,posterior,Michael2015
STATE_471,STATE_471,bayesian,Yes,sample,change,posterior,Michael2015
STATE_472,STATE_472,bayesian,Yes,sample,change,posterior,Michael2015
STATE_473,STATE_473,bayesian,Yes,sample,change,posterior,Michael2015
STATE_474,STATE_474,bayesian,Yes,sample,change,posterior,Michael2015
STATE_475,STATE_475,bayesian,Yes,sample,change,posterior,Michael2015
STATE_476,STATE_476,bayesian,Yes,sample,change,posterior,Michael2015
STATE_477,STATE_477,bayesian,Yes,sample,change,posterior,Michael2015
STATE_478,STATE_478,bayesian,Yes,sample,change,posterior,Michael2015
STATE_479,STATE_479,bayesian,Yes,sample,change,posterior,Michael2015
STATE_480,STATE_480,bayesian,Yes,sample,change,posterior,Michael2015
STATE_481,STATE_481,bayesian,Yes,sample,change,posterior,Michael2015
STATE_482,STATE_482,bayesian,Yes,sample,change,posterior,Michael2015
STATE_483,STATE_483,bayesian,Yes,sample,change,posterior,Michael2015
STATE_484,STATE_484,bayesian,Yes,sample,change,posterior,Michael2015
STATE_485,STATE_485,bayesian,Yes,sample,change,posterior,Michael2015
STATE_486,STATE_486,bayesian,Yes,sample,change,posterior,Michael2015
STATE_487,STATE_487,bayesian,Yes,sample,change,posterior,Michael2015
STATE_488,STATE_488,bayesian,Yes,sample,change,posterior,Michael2015
STATE_489,STATE_489,bayesian,Yes,sample,change,posterior,Michael2015
STATE_490,STATE_490,bayesian,Yes,sample,change,posterior,Michael2015
STATE_491,STATE_491,bayesian,Yes,sample,change,posterior,Michael2015
STATE_492,STATE_492,bayesian,Yes,sample,change,posterior,Michael2015
STATE_493,STATE_493,bayesian,Yes,sample,change,posterior,Michael2015
STATE_494,STATE_494,bayesian,Yes,sample,change,posterior,Michael2015
STATE_495,STATE_495,bayesian,Yes,sample,change,posterior,Michael2015
STATE_496,STATE_496,bayesian,Yes,sample,change,posterior,Michael2015
STATE_497,STATE_497,bayesian,Yes,sample,change,posterior,Michael2015
STATE_498,STATE_498,bayesian,Yes,sample,change,posterior,Michael2015
STATE_499,STATE_499,bayesian,Yes,sample,change,posterior,Michael2015
STATE_500,STATE_500,bayesian,Yes,sample,change,posterior,Michael2015
STATE_501,STATE_501,bayesian,Yes,sample,change,posterior,Michael2015
STATE_502,STATE_502,bayesian,Yes,sample,change,posterior,Michael2015
STATE_503,STATE_503,bayesian,Yes,sample,change,posterior,Michael2015
STATE_504,STATE_504,bayesian,Yes,sample,change,posterior,Michael2015
STATE_505,STATE_505,bayesian,Yes,sample,change,posterior,Michael2015
STATE_506,STATE_506,bayesian,Yes,sample,change,posterior,Michael2015
STATE_507,STATE_507,bayesian,Yes,sample,change,posterior,Michael2015
STATE_508,STATE_508,bayesian,Yes,sample,change,posterior,Michael2015
STATE_509,STATE_509,bayesian,Yes,sample,change,posterior,Michael2015
STATE_510,STATE_510,bayesian,Yes,sample,change,posterior,Michael2015
STATE_511,STATE_511,bayesian,Yes,sample,change,posterior,Michael2015
STATE_512,STATE_512,bayesian,Yes,sample,change,posterior,Michael2015
STATE_513,STATE_513,bayesian,Yes,sample,change,posterior,Michael2015
STATE_514,STATE_514,bayesian,Yes,sample,change,posterior,Michael2015
STATE_515,STATE_515,bayesian,Yes,sample,change,posterior,Michael2015
STATE_516,STATE_516,bayesian,Yes,sample,change,posterior,Michael2015
STATE_517,STATE_517,bayesian,Yes,sample,change,posterior,Michael2015
STATE_518,STATE_518,bayesian,Yes,sample,change,posterior,Michael2015
STATE_519,STATE_519,bayesian,Yes,sample,change,posterior,Michael2015
STATE_520,STATE_520,bayesian,Yes,sample,change,posterior,Michael2015
STATE_521,STATE_521,bayesian,Yes,sample,change,posterior,Michael2015
STATE_522,STATE_522,bayesian,Yes,sample,change,posterior,Michael2015
STATE_523,STATE_523,bayesian,Yes,sample,change,posterior,Michael2015
STATE_524,STATE_524,bayesian,Yes,sample,change,posterior,Michael2015
STATE_525,STATE_525,bayesian,Yes,sample,change,posterior,Michael2015
STATE_526,STATE_526,bayesian,Yes,sample,change,posterior,Michael2015
STATE_527,STATE_527,bayesian,Yes,sample,change,posterior,Michael2015
STATE_528,STATE_528,bayesian,Yes,sample,change,posterior,Michael2015
STATE_529,STATE_529,bayesian,Yes,sample,change,posterior,Michael2015
STATE_530,STATE_530,bayesian,Yes,sample,change,posterior,Michael2015
STATE_531,STATE_531,bayesian,Yes,sample,change,posterior,Michael2015
STATE_532,STATE_532,bayesian,Yes,sample,change,posterior,Michael2015
STATE_533,STATE_533,bayesian,Yes,sample,change,posterior,Michael2015
STATE_534,STATE_534,bayesian,Yes,sample,change,posterior,Michael2015
STATE_535,STATE_535,bayesian,Yes,sample,change,posterior,Michael2015
STATE_536,STATE_536,bayesian,Yes,sample,change,posterior,Michael2015
STATE_537,STATE_537,bayesian,Yes,sample,change,posterior,Michael2015
STATE_538,STATE_538,bayesian,Yes,sample,change,posterior,Michael2015
STATE_539,STATE_539,bayesian,Yes,sample,change,posterior,Michael2015
STATE_540,STATE_540,bayesian,Yes,sample,change,posterior,Michael2015
STATE_541,STATE_541,bayesian,Yes,sample,change,posterior,Michael2015
STATE_542,STATE_542,bayesian,Yes,sample,change,posterior,Michael2015
STATE_543,STATE_543,bayesian,Yes,sample,change,posterior,Michael2015
STATE_544,STATE_544,bayesian,Yes,sample,change,posterior,Michael2015
STATE_545,STATE_545,bayesian,Yes,sample,change,posterior,Michael2015
STATE_546,STATE_546,bayesian,Yes,sample,change,posterior,Michael2015
STATE_547,STATE_547,bayesian,Yes,sample,change,posterior,Michael2015
STATE_548,STATE_548,bayesian,Yes,sample,change,posterior,Michael2015
STATE_549,STATE_549,bayesian,Yes,sample,change,posterior,Michael2015
STATE_550,STATE_550,bayesian,Yes,sample,change,posterior,Michael2015
STATE_551,STATE_551,bayesian,Yes,sample,change,posterior,Michael2015
STATE_552,STATE_552,bayesian,Yes,sample,change,posterior,Michael2015
STATE_553,STATE_553,bayesian,Yes,sample,change,posterior,Michael2015
STATE_554,STATE_554,bayesian,Yes,sample,change,posterior,Michael2015
STATE_555,STATE_555,bayesian,Yes,sample,change,posterior,Michael2015
STATE_556,STATE_556,bayesian,Yes,sample,change,posterior,Michael2015
STATE_557,STATE_557,bayesian,Yes,sample,change,posterior,Michael2015
STATE_558,STATE_558,bayesian,Yes,sample,change,posterior,Michael2015
STATE_559,STATE_559,bayesian,Yes,sample,change,posterior,Michael2015
STATE_560,STATE_560,bayesian,Yes,sample,change,posterior,Michael2015
STATE_561,STATE_561,bayesian,Yes,sample,change,posterior,Michael2015
STATE_562,STATE_562,bayesian,Yes,sample,change,posterior,Michael2015
STATE_563,STATE_563,bayesian,Yes,sample,change,posterior,Michael2015
STATE_564,STATE_564,bayesian,Yes,sample,change,posterior,Michael2015
STATE_565,STATE_565,bayesian,Yes,sample,change,posterior,Michael2015
STATE_566,STATE_566,bayesian,Yes,sample,change,posterior,Michael2015
STATE_567,STATE_567,bayesian,Yes,sample,change,posterior,Michael2015
STATE_568,STATE_568,bayesian,Yes,sample,change,posterior,Michael2015
STATE_569,STATE_569,bayesian,Yes,sample,change,posterior,Michael2015
STATE_570,STATE_570,bayesian,Yes,sample,change,posterior,Michael2015
STATE_571,STATE_571,bayesian,Yes,sample,change,posterior,Michael2015
STATE_572,STATE_572,bayesian,Yes,sample,change,posterior,Michael2015
STATE_573,STATE_573,bayesian,Yes,sample,change,posterior,Michael2015
STATE_574,STATE_574,bayesian,Yes,sample,change,posterior,Michael2015
STATE_575,STATE_575,bayesian,Yes,sample,change,posterior,Michael2015
STATE_576,STATE_576,bayesian,Yes,sample,change,posterior,Michael2015
STATE_577,STATE_577,bayesian,Yes,sample,change,posterior,Michael2015
STATE_578,STATE_578,bayesian,Yes,sample,change,posterior,Michael2015
STATE_579,STATE_579,bayesian,Yes,sample,change,posterior,Michael2015
STATE_580,STATE_580,bayesian,Yes,sample,change,posterior,Michael2015
STATE_581,STATE_581,bayesian,Yes,sample,change,posterior,Michael2015
STATE_582,STATE_582,bayesian,Yes,sample,change,posterior,Michael2015
STATE_583,STATE_583,bayesian,Yes,sample,change,posterior,Michael2015
STATE_584,STATE_584,bayesian,Yes,sample,change,posterior,Michael2015
STATE_585,STATE_585,bayesian,Yes,sample,change,posterior,Michael2015
STATE_586,STATE_586,bayesian,Yes,sample,change,posterior,Michael2015
STATE_587,STATE_587,bayesian,Yes,sample,change,posterior,Michael2015
STATE_588,STATE_588,bayesian,Yes,sample,change,posterior,Michael2015
STATE_589,STATE_589,bayesian,Yes,sample,change,posterior,Michael2015
STATE_590,STATE_590,bayesian,Yes,sample,change,posterior,Michael2015
STATE_591,STATE_591,bayesian,Yes,sample,change,posterior,Michael2015
STATE_592,STATE_592,bayesian,Yes,sample,change,posterior,Michael2015
STATE_593,STATE_593,bayesian,Yes,sample,change,posterior,Michael2015
STATE_594,STATE_594,bayesian,Yes,sample,change,posterior,Michael2015
STATE_595,STATE_595,bayesian,Yes,sample,change,posterior,Michael2015
STATE_596,STATE_596,bayesian,Yes,sample,change,posterior,Michael2015
STATE_597,STATE_597,bayesian,Yes,sample,change,posterior,Michael2015
STATE_598,STATE_598,bayesian,Yes,sample,change,posterior,Michael2015
STATE_599,STATE_599,bayesian,Yes,sample,change,posterior,Michael2015
STATE_600,STATE_600,bayesian,Yes,sample,change,posterior,Michael2015
STATE_601,STATE_601,bayesian,Yes,sample,change,posterior,Michael2015
STATE_602,STATE_602,bayesian,Yes,sample,change,posterior,Michael2015
STATE_603,STATE_603,bayesian,Yes,sample,change,posterior,Michael2015
STATE_604,STATE_604,bayesian,Yes,sample,change,posterior,Michael2015
STATE_605,STATE_605,bayesian,Yes,sample,change,posterior,Michael2015
STATE_606,STATE_606,bayesian,Yes,sample,change,posterior,Michael2015
STATE_607,STATE_607,bayesian,Yes,sample,change,posterior,Michael2015
STATE_608,STATE_608,bayesian,Yes,sample,change,posterior,Michael2015
STATE_609,STATE_609,bayesian,Yes,sample,change,posterior,Michael2015
STATE_610,STATE_610,bayesian,Yes,sample,change,posterior,Michael2015
STATE_611,STATE_611,bayesian,Yes,sample,change,posterior,Michael2015
STATE_612,STATE_612,bayesian,Yes,sample,change,posterior,Michael2015
STATE_613,STATE_613,bayesian,Yes,sample,change,posterior,Michael2015
STATE_614,STATE_614,bayesian,Yes,sample,change,posterior,Michael2015
STATE_615,STATE_615,bayesian,Yes,sample,change,posterior,Michael2015
STATE_616,STATE_616,bayesian,Yes,sample,change,posterior,Michael2015
STATE_617,STATE_617,bayesian,Yes,sample,change,posterior,Michael2015
STATE_618,STATE_618,bayesian,Yes,sample,change,posterior,Michael2015
STATE_619,STATE_619,bayesian,Yes,sample,change,posterior,Michael2015
STATE_620,STATE_620,bayesian,Yes,sample,change,posterior,Michael2015
STATE_621,STATE_621,bayesian,Yes,sample,change,posterior,Michael2015
STATE_622,STATE_622,bayesian,Yes,sample,change,posterior,Michael2015
STATE_623,STATE_623,bayesian,Yes,sample,change,posterior,Michael2015
STATE_624,STATE_624,bayesian,Yes,sample,change,posterior,Michael2015
STATE_625,STATE_625,bayesian,Yes,sample,change,posterior,Michael2015
STATE_626,STATE_626,bayesian,Yes,sample,change,posterior,Michael2015
STATE_627,STATE_627,bayesian,Yes,sample,change,posterior,Michael2015
STATE_628,STATE_628,bayesian,Yes,sample,change,posterior,Michael2015
STATE_629,STATE_629,bayesian,Yes,sample,change,posterior,Michael2015
STATE_630,STATE_630,bayesian,Yes,sample,change,posterior,Michael2015
STATE_631,STATE_631,bayesian,Yes,sample,change,posterior,Michael2015
STATE_632,STATE_632,bayesian,Yes,sample,change,posterior,Michael2015
STATE_633,STATE_633,bayesian,Yes,sample,change,posterior,Michael2015
STATE_634,STATE_634,bayesian,Yes,sample,change,posterior,Michael2015
STATE_635,STATE_635,bayesian,Yes,sample,change,posterior,Michael2015
STATE_636,STATE_636,bayesian,Yes,sample,change,posterior,Michael2015
STATE_637,STATE_637,bayesian,Yes,sample,change,posterior,Michael2015
STATE_638,STATE_638,bayesian,Yes,sample,change,posterior,Michael2015
STATE_639,STATE_639,bayesian,Yes,sample,change,posterior,Michael2015
STATE_640,STATE_640,bayesian,Yes,sample,change,posterior,Michael2015
STATE_641,STATE_641,bayesian,Yes,sample,change,posterior,Michael2015
STATE_642,STATE_642,bayesian,Yes,sample,change,posterior,Michael2015
STATE_643,STATE_643,bayesian,Yes,sample,change,posterior,Michael2015
STATE_644,STATE_644,bayesian,Yes,sample,change,posterior,Michael2015
STATE_645,STATE_645,bayesian,Yes,sample,change,posterior,Michael2015
STATE_646,STATE_646,bayesian,Yes,sample,change,posterior,Michael2015
STATE_647,STATE_647,bayesian,Yes,sample,change,posterior,Michael2015
STATE_648,STATE_648,bayesian,Yes,sample,change,posterior,Michael2015
STATE_649,STATE_649,bayesian,Yes,sample,change,posterior,Michael2015
STATE_650,STATE_650,bayesian,Yes,sample,change,posterior,Michael2015
STATE_651,STATE_651,bayesian,Yes,sample,change,posterior,Michael2015
STATE_652,STATE_652,bayesian,Yes,sample,change,posterior,Michael2015
STATE_653,STATE_653,bayesian,Yes,sample,change,posterior,Michael2015
STATE_654,STATE_654,bayesian,Yes,sample,change,posterior,Michael2015
STATE_655,STATE_655,bayesian,Yes,sample,change,posterior,Michael2015
STATE_656,STATE_656,bayesian,Yes,sample,change,posterior,Michael2015
STATE_657,STATE_657,bayesian,Yes,sample,change,posterior,Michael2015
STATE_658,STATE_658,bayesian,Yes,sample,change,posterior,Michael2015
STATE_659,STATE_659,bayesian,Yes,sample,change,posterior,Michael2015
STATE_660,STATE_660,bayesian,Yes,sample,change,posterior,Michael2015
STATE_661,STATE_661,bayesian,Yes,sample,change,posterior,Michael2015
STATE_662,STATE_662,bayesian,Yes,sample,change,posterior,Michael2015
STATE_663,STATE_663,bayesian,Yes,sample,change,posterior,Michael2015
STATE_664,STATE_664,bayesian,Yes,sample,change,posterior,Michael2015
STATE_665,STATE_665,bayesian,Yes,sample,change,posterior,Michael2015
STATE_666,STATE_666,bayesian,Yes,sample,change,posterior,Michael2015
STATE_667,STATE_667,bayesian,Yes,sample,change,posterior,Michael2015
STATE_668,STATE_668,bayesian,Yes,sample,change,posterior,Michael2015
STATE_669,STATE_669,bayesian,Yes,sample,change,posterior,Michael2015
STATE_670,STATE_670,bayesian,Yes,sample,change,posterior,Michael2015
STATE_671,STATE_671,bayesian,Yes,sample,change,posterior,Michael2015
STATE_672,STATE_672,bayesian,Yes,sample,change,posterior,Michael2015
STATE_673,STATE_673,bayesian,Yes,sample,change,posterior,Michael2015
STATE_674,STATE_674,bayesian,Yes,sample,change,posterior,Michael2015
STATE_675,STATE_675,bayesian,Yes,sample,change,posterior,Michael2015
STATE_676,STATE_676,bayesian,Yes,sample,change,posterior,Michael2015
STATE_677,STATE_677,bayesian,Yes,sample,change,posterior,Michael2015
STATE_678,STATE_678,bayesian,Yes,sample,change,posterior,Michael2015
STATE_679,STATE_679,bayesian,Yes,sample,change,posterior,Michael2015
STATE_680,STATE_680,bayesian,Yes,sample,change,posterior,Michael2015
STATE_681,STATE_681,bayesian,Yes,sample,change,posterior,Michael2015
STATE_682,STATE_682,bayesian,Yes,sample,change,posterior,Michael2015
STATE_683,STATE_683,bayesian,Yes,sample,change,posterior,Michael2015
STATE_684,STATE_684,bayesian,Yes,sample,change,posterior,Michael2015
STATE_685,STATE_685,bayesian,Yes,sample,change,posterior,Michael2015
STATE_686,STATE_686,bayesian,Yes,sample,change,posterior,Michael2015
STATE_687,STATE_687,bayesian,Yes,sample,change,posterior,Michael2015
STATE_688,STATE_688,bayesian,Yes,sample,change,posterior,Michael2015
STATE_689,STATE_689,bayesian,Yes,sample,change,posterior,Michael2015
STATE_690,STATE_690,bayesian,Yes,sample,change,posterior,Michael2015
STATE_691,STATE_691,bayesian,Yes,sample,change,posterior,Michael2015
STATE_692,STATE_692,bayesian,Yes,sample,change,posterior,Michael2015
STATE_693,STATE_693,bayesian,Yes,sample,change,posterior,Michael2015
STATE_694,STATE_694,bayesian,Yes,sample,change,posterior,Michael2015
STATE_695,STATE_695,bayesian,Yes,sample,change,posterior,Michael2015
STATE_696,STATE_696,bayesian,Yes,sample,change,posterior,Michael2015
STATE_697,STATE_697,bayesian,Yes,sample,change,posterior,Michael2015
STATE_698,STATE_698,bayesian,Yes,sample,change,posterior,Michael2015
STATE_699,STATE_699,bayesian,Yes,sample,change,posterior,Michael2015
STATE_700,STATE_700,bayesian,Yes,sample,change,posterior,Michael2015
STATE_701,STATE_701,bayesian,Yes,sample,change,posterior,Michael2015
STATE_702,STATE_702,bayesian,Yes,sample,change,posterior,Michael2015
STATE_703,STATE_703,bayesian,Yes,sample,change,posterior,Michael2015
STATE_704,STATE_704,bayesian,Yes,sample,change,posterior,Michael2015
STATE_705,STATE_705,bayesian,Yes,sample,change,posterior,Michael2015
STATE_706,STATE_706,bayesian,Yes,sample,change,posterior,Michael2015
STATE_707,STATE_707,bayesian,Yes,sample,change,posterior,Michael2015
STATE_708,STATE_708,bayesian,Yes,sample,change,posterior,Michael2015
STATE_709,STATE_709,bayesian,Yes,sample,change,posterior,Michael2015
STATE_710,STATE_710,bayesian,Yes,sample,change,posterior,Michael2015
STATE_711,STATE_711,bayesian,Yes,sample,change,posterior,Michael2015
STATE_712,STATE_712,bayesian,Yes,sample,change,posterior,Michael2015
STATE_713,STATE_713,bayesian,Yes,sample,change,posterior,Michael2015
STATE_714,STATE_714,bayesian,Yes,sample,change,posterior,Michael2015
STATE_715,STATE_715,bayesian,Yes,sample,change,posterior,Michael2015
STATE_716,STATE_716,bayesian,Yes,sample,change,posterior,Michael2015
STATE_717,STATE_717,bayesian,Yes,sample,change,posterior,Michael2015
STATE_718,STATE_718,bayesian,Yes,sample,change,posterior,Michael2015
STATE_719,STATE_719,bayesian,Yes,sample,change,posterior,Michael2015
STATE_720,STATE_720,bayesian,Yes,sample,change,posterior,Michael2015
STATE_721,STATE_721,bayesian,Yes,sample,change,posterior,Michael2015
STATE_722,STATE_722,bayesian,Yes,sample,change,posterior,Michael2015
STATE_723,STATE_723,bayesian,Yes,sample,change,posterior,Michael2015
STATE_724,STATE_724,bayesian,Yes,sample,change,posterior,Michael2015
STATE_725,STATE_725,bayesian,Yes,sample,change,posterior,Michael2015
STATE_726,STATE_726,bayesian,Yes,sample,change,posterior,Michael2015
STATE_727,STATE_727,bayesian,Yes,sample,change,posterior,Michael2015
STATE_728,STATE_728,bayesian,Yes,sample,change,posterior,Michael2015
STATE_729,STATE_729,bayesian,Yes,sample,change,posterior,Michael2015
STATE_730,STATE_730,bayesian,Yes,sample,change,posterior,Michael2015
STATE_731,STATE_731,bayesian,Yes,sample,change,posterior,Michael2015
STATE_732,STATE_732,bayesian,Yes,sample,change,posterior,Michael2015
STATE_733,STATE_733,bayesian,Yes,sample,change,posterior,Michael2015
STATE_734,STATE_734,bayesian,Yes,sample,change,posterior,Michael2015
STATE_735,STATE_735,bayesian,Yes,sample,change,posterior,Michael2015
STATE_736,STATE_736,bayesian,Yes,sample,change,posterior,Michael2015
STATE_737,STATE_737,bayesian,Yes,sample,change,posterior,Michael2015
STATE_738,STATE_738,bayesian,Yes,sample,change,posterior,Michael2015
STATE_739,STATE_739,bayesian,Yes,sample,change,posterior,Michael2015
STATE_740,STATE_740,bayesian,Yes,sample,change,posterior,Michael2015
STATE_741,STATE_741,bayesian,Yes,sample,change,posterior,Michael2015
STATE_742,STATE_742,bayesian,Yes,sample,change,posterior,Michael2015
STATE_743,STATE_743,bayesian,Yes,sample,change,posterior,Michael2015
STATE_744,STATE_744,bayesian,Yes,sample,change,posterior,Michael2015
STATE_745,STATE_745,bayesian,Yes,sample,change,posterior,Michael2015
STATE_746,STATE_746,bayesian,Yes,sample,change,posterior,Michael2015
STATE_747,STATE_747,bayesian,Yes,sample,change,posterior,Michael2015
STATE_748,STATE_748,bayesian,Yes,sample,change,posterior,Michael2015
STATE_749,STATE_749,bayesian,Yes,sample,change,posterior,Michael2015
STATE_750,STATE_750,bayesian,Yes,sample,change,posterior,Michael2015
STATE_751,STATE_751,bayesian,Yes,sample,change,posterior,Michael2015
STATE_752,STATE_752,bayesian,Yes,sample,change,posterior,Michael2015
STATE_753,STATE_753,bayesian,Yes,sample,change,posterior,Michael2015
STATE_754,STATE_754,bayesian,Yes,sample,change,posterior,Michael2015
STATE_755,STATE_755,bayesian,Yes,sample,change,posterior,Michael2015
STATE_756,STATE_756,bayesian,Yes,sample,change,posterior,Michael2015
STATE_757,STATE_757,bayesian,Yes,sample,change,posterior,Michael2015
STATE_758,STATE_758,bayesian,Yes,sample,change,posterior,Michael2015
STATE_759,STATE_759,bayesian,Yes,sample,change,posterior,Michael2015
STATE_760,STATE_760,bayesian,Yes,sample,change,posterior,Michael2015
STATE_761,STATE_761,bayesian,Yes,sample,change,posterior,Michael2015
STATE_762,STATE_762,bayesian,Yes,sample,change,posterior,Michael2015
STATE_763,STATE_763,bayesian,Yes,sample,change,posterior,Michael2015
STATE_764,STATE_764,bayesian,Yes,sample,change,posterior,Michael2015
STATE_765,STATE_765,bayesian,Yes,sample,change,posterior,Michael2015
STATE_766,STATE_766,bayesian,Yes,sample,change,posterior,Michael2015
STATE_767,STATE_767,bayesian,Yes,sample,change,posterior,Michael2015
STATE_768,STATE_768,bayesian,Yes,sample,change,posterior,Michael2015
STATE_769,STATE_769,bayesian,Yes,sample,change,posterior,Michael2015
STATE_770,STATE_770,bayesian,Yes,sample,change,posterior,Michael2015
STATE_771,STATE_771,bayesian,Yes,sample,change,posterior,Michael2015
STATE_772,STATE_772,bayesian,Yes,sample,change,posterior,Michael2015
STATE_773,STATE_773,bayesian,Yes,sample,change,posterior,Michael2015
STATE_774,STATE_774,bayesian,Yes,sample,change,posterior,Michael2015
STATE_775,STATE_775,bayesian,Yes,sample,change,posterior,Michael2015
STATE_776,STATE_776,bayesian,Yes,sample,change,posterior,Michael2015
STATE_777,STATE_777,bayesian,Yes,sample,change,posterior,Michael2015
STATE_778,STATE_778,bayesian,Yes,sample,change,posterior,Michael2015
STATE_779,STATE_779,bayesian,Yes,sample,change,posterior,Michael2015
STATE_780,STATE_780,bayesian,Yes,sample,change,posterior,Michael2015
STATE_781,STATE_781,bayesian,Yes,sample,change,posterior,Michael2015
STATE_782,STATE_782,bayesian,Yes,sample,change,posterior,Michael2015
STATE_783,STATE_783,bayesian,Yes,sample,change,posterior,Michael2015
STATE_784,STATE_784,bayesian,Yes,sample,change,posterior,Michael2015
STATE_785,STATE_785,bayesian,Yes,sample,change,posterior,Michael2015
STATE_786,STATE_786,bayesian,Yes,sample,change,posterior,Michael2015
STATE_787,STATE_787,bayesian,Yes,sample,change,posterior,Michael2015
STATE_788,STATE_788,bayesian,Yes,sample,change,posterior,Michael2015
STATE_789,STATE_789,bayesian,Yes,sample,change,posterior,Michael2015
STATE_790,STATE_790,bayesian,Yes,sample,change,posterior,Michael2015
STATE_791,STATE_791,bayesian,Yes,sample,change,posterior,Michael2015
STATE_792,STATE_792,bayesian,Yes,sample,change,posterior,Michael2015
STATE_793,STATE_793,bayesian,Yes,sample,change,posterior,Michael2015
STATE_794,STATE_794,bayesian,Yes,sample,change,posterior,Michael2015
STATE_795,STATE_795,bayesian,Yes,sample,change,posterior,Michael2015
STATE_796,STATE_796,bayesian,Yes,sample,change,posterior,Michael2015
STATE_797,STATE_797,bayesian,Yes,sample,change,posterior,Michael2015
STATE_798,STATE_798,bayesian,Yes,sample,change,posterior,Michael2015
STATE_799,STATE_799,bayesian,Yes,sample,change,posterior,Michael2015
STATE_800,STATE_800,bayesian,Yes,sample,change,posterior,Michael2015
STATE_801,STATE_801,bayesian,Yes,sample,change,posterior,Michael2015
STATE_802,STATE_802,bayesian,Yes,sample,change,posterior,Michael2015
STATE_803,STATE_803,bayesian,Yes,sample,change,posterior,Michael2015
STATE_804,STATE_804,bayesian,Yes,sample,change,posterior,Michael2015
STATE_805,STATE_805,bayesian,Yes,sample,change,posterior,Michael2015
STATE_806,STATE_806,bayesian,Yes,sample,change,posterior,Michael2015
STATE_807,STATE_807,bayesian,Yes,sample,change,posterior,Michael2015
STATE_808,STATE_808,bayesian,Yes,sample,change,posterior,Michael2015
STATE_809,STATE_809,bayesian,Yes,sample,change,posterior,Michael2015
STATE_810,STATE_810,bayesian,Yes,sample,change,posterior,Michael2015
STATE_811,STATE_811,bayesian,Yes,sample,change,posterior,Michael2015
STATE_812,STATE_812,bayesian,Yes,sample,change,posterior,Michael2015
STATE_813,STATE_813,bayesian,Yes,sample,change,posterior,Michael2015
STATE_814,STATE_814,bayesian,Yes,sample,change,posterior,Michael2015
STATE_815,STATE_815,bayesian,Yes,sample,change,posterior,Michael2015
STATE_816,STATE_816,bayesian,Yes,sample,change,posterior,Michael2015
STATE_817,STATE_817,bayesian,Yes,sample,change,posterior,Michael2015
STATE_818,STATE_818,bayesian,Yes,sample,change,posterior,Michael2015
STATE_819,STATE_819,bayesian,Yes,sample,change,posterior,Michael2015
STATE_820,STATE_820,bayesian,Yes,sample,change,posterior,Michael2015
STATE_821,STATE_821,bayesian,Yes,sample,change,posterior,Michael2015
STATE_822,STATE_822,bayesian,Yes,sample,change,posterior,Michael2015
STATE_823,STATE_823,bayesian,Yes,sample,change,posterior,Michael2015
STATE_824,STATE_824,bayesian,Yes,sample,change,posterior,Michael2015
STATE_825,STATE_825,bayesian,Yes,sample,change,posterior,Michael2015
STATE_826,STATE_826,bayesian,Yes,sample,change,posterior,Michael2015
STATE_827,STATE_827,bayesian,Yes,sample,change,posterior,Michael2015
STATE_828,STATE_828,bayesian,Yes,sample,change,posterior,Michael2015
STATE_829,STATE_829,bayesian,Yes,sample,change,posterior,Michael2015
STATE_830,STATE_830,bayesian,Yes,sample,change,posterior,Michael2015
STATE_831,STATE_831,bayesian,Yes,sample,change,posterior,Michael2015
STATE_832,STATE_832,bayesian,Yes,sample,change,posterior,Michael2015
STATE_833,STATE_833,bayesian,Yes,sample,change,posterior,Michael2015
STATE_834,STATE_834,bayesian,Yes,sample,change,posterior,Michael2015
STATE_835,STATE_835,bayesian,Yes,sample,change,posterior,Michael2015
STATE_836,STATE_836,bayesian,Yes,sample,change,posterior,Michael2015
STATE_837,STATE_837,bayesian,Yes,sample,change,posterior,Michael2015
STATE_838,STATE_838,bayesian,Yes,sample,change,posterior,Michael2015
STATE_839,STATE_839,bayesian,Yes,sample,change,posterior,Michael2015
STATE_840,STATE_840,bayesian,Yes,sample,change,posterior,Michael2015
STATE_841,STATE_841,bayesian,Yes,sample,change,posterior,Michael2015
STATE_842,STATE_842,bayesian,Yes,sample,change,posterior,Michael2015
STATE_843,STATE_843,bayesian,Yes,sample,change,posterior,Michael2015
STATE_844,STATE_844,bayesian,Yes,sample,change,posterior,Michael2015
STATE_845,STATE_845,bayesian,Yes,sample,change,posterior,Michael2015
STATE_846,STATE_846,bayesian,Yes,sample,change,posterior,Michael2015
STATE_847,STATE_847,bayesian,Yes,sample,change,posterior,Michael2015
STATE_848,STATE_848,bayesian,Yes,sample,change,posterior,Michael2015
STATE_849,STATE_849,bayesian,Yes,sample,change,posterior,Michael2015
STATE_850,STATE_850,bayesian,Yes,sample,change,posterior,Michael2015
STATE_851,STATE_851,bayesian,Yes,sample,change,posterior,Michael2015
STATE_852,STATE_852,bayesian,Yes,sample,change,posterior,Michael2015
STATE_853,STATE_853,bayesian,Yes,sample,change,posterior,Michael2015
STATE_854,STATE_854,bayesian,Yes,sample,change,posterior,Michael2015
STATE_855,STATE_855,bayesian,Yes,sample,change,posterior,Michael2015
STATE_856,STATE_856,bayesian,Yes,sample,change,posterior,Michael2015
STATE_857,STATE_857,bayesian,Yes,sample,change,posterior,Michael2015
STATE_858,STATE_858,bayesian,Yes,sample,change,posterior,Michael2015
STATE_859,STATE_859,bayesian,Yes,sample,change,posterior,Michael2015
STATE_860,STATE_860,bayesian,Yes,sample,change,posterior,Michael2015
STATE_861,STATE_861,bayesian,Yes,sample,change,posterior,Michael2015
STATE_862,STATE_862,bayesian,Yes,sample,change,posterior,Michael2015
STATE_863,STATE_863,bayesian,Yes,sample,change,posterior,Michael2015
STATE_864,STATE_864,bayesian,Yes,sample,change,posterior,Michael2015
STATE_865,STATE_865,bayesian,Yes,sample,change,posterior,Michael2015
STATE_866,STATE_866,bayesian,Yes,sample,change,posterior,Michael2015
STATE_867,STATE_867,bayesian,Yes,sample,change,posterior,Michael2015
STATE_868,STATE_868,bayesian,Yes,sample,change,posterior,Michael2015
STATE_869,STATE_869,bayesian,Yes,sample,change,posterior,Michael2015
STATE_870,STATE_870,bayesian,Yes,sample,change,posterior,Michael2015
STATE_871,STATE_871,bayesian,Yes,sample,change,posterior,Michael2015
STATE_872,STATE_872,bayesian,Yes,sample,change,posterior,Michael2015
STATE_873,STATE_873,bayesian,Yes,sample,change,posterior,Michael2015
STATE_874,STATE_874,bayesian,Yes,sample,change,posterior,Michael2015
STATE_875,STATE_875,bayesian,Yes,sample,change,posterior,Michael2015
STATE_876,STATE_876,bayesian,Yes,sample,change,posterior,Michael2015
STATE_877,STATE_877,bayesian,Yes,sample,change,posterior,Michael2015
STATE_878,STATE_878,bayesian,Yes,sample,change,posterior,Michael2015
STATE_879,STATE_879,bayesian,Yes,sample,change,posterior,Michael2015
STATE_880,STATE_880,bayesian,Yes,sample,change,posterior,Michael2015
STATE_881,STATE_881,bayesian,Yes,sample,change,posterior,Michael2015
STATE_882,STATE_882,bayesian,Yes,sample,change,posterior,Michael2015
STATE_883,STATE_883,bayesian,Yes,sample,change,posterior,Michael2015
STATE_884,STATE_884,bayesian,Yes,sample,change,posterior,Michael2015
STATE_885,STATE_885,bayesian,Yes,sample,change,posterior,Michael2015
STATE_886,STATE_886,bayesian,Yes,sample,change,posterior,Michael2015
STATE_887,STATE_887,bayesian,Yes,sample,change,posterior,Michael2015
STATE_888,STATE_888,bayesian,Yes,sample,change,posterior,Michael2015
STATE_889,STATE_889,bayesian,Yes,sample,change,posterior,Michael2015
STATE_890,STATE_890,bayesian,Yes,sample,change,posterior,Michael2015
STATE_891,STATE_891,bayesian,Yes,sample,change,posterior,Michael2015
STATE_892,STATE_892,bayesian,Yes,sample,change,posterior,Michael2015
STATE_893,STATE_893,bayesian,Yes,sample,change,posterior,Michael2015
STATE_894,STATE_894,bayesian,Yes,sample,change,posterior,Michael2015
STATE_895,STATE_895,bayesian,Yes,sample,change,posterior,Michael2015
STATE_896,STATE_896,bayesian,Yes,sample,change,posterior,Michael2015
STATE_897,STATE_897,bayesian,Yes,sample,change,posterior,Michael2015
STATE_898,STATE_898,bayesian,Yes,sample,change,posterior,Michael2015
STATE_899,STATE_899,bayesian,Yes,sample,change,posterior,Michael2015
STATE_900,STATE_900,bayesian,Yes,sample,change,posterior,Michael2015
STATE_901,STATE_901,bayesian,Yes,sample,change,posterior,Michael2015
STATE_902,STATE_902,bayesian,Yes,sample,change,posterior,Michael2015
STATE_903,STATE_903,bayesian,Yes,sample,change,posterior,Michael2015
STATE_904,STATE_904,bayesian,Yes,sample,change,posterior,Michael2015
STATE_905,STATE_905,bayesian,Yes,sample,change,posterior,Michael2015
STATE_906,STATE_906,bayesian,Yes,sample,change,posterior,Michael2015
STATE_907,STATE_907,bayesian,Yes,sample,change,posterior,Michael2015
STATE_908,STATE_908,bayesian,Yes,sample,change,posterior,Michael2015
STATE_909,STATE_909,bayesian,Yes,sample,change,posterior,Michael2015
STATE_910,STATE_910,bayesian,Yes,sample,change,posterior,Michael2015
STATE_911,STATE_911,bayesian,Yes,sample,change,posterior,Michael2015
STATE_912,STATE_912,bayesian,Yes,sample,change,posterior,Michael2015
STATE_913,STATE_913,bayesian,Yes,sample,change,posterior,Michael2015
STATE_914,STATE_914,bayesian,Yes,sample,change,posterior,Michael2015
STATE_915,STATE_915,bayesian,Yes,sample,change,posterior,Michael2015
STATE_916,STATE_916,bayesian,Yes,sample,change,posterior,Michael2015
STATE_917,STATE_917,bayesian,Yes,sample,change,posterior,Michael2015
STATE_918,STATE_918,bayesian,Yes,sample,change,posterior,Michael2015
STATE_919,STATE_919,bayesian,Yes,sample,change,posterior,Michael2015
STATE_920,STATE_920,bayesian,Yes,sample,change,posterior,Michael2015
STATE_921,STATE_921,bayesian,Yes,sample,change,posterior,Michael2015
STATE_922,STATE_922,bayesian,Yes,sample,change,posterior,Michael2015
STATE_923,STATE_923,bayesian,Yes,sample,change,posterior,Michael2015
STATE_924,STATE_924,bayesian,Yes,sample,change,posterior,Michael2015
STATE_925,STATE_925,bayesian,Yes,sample,change,posterior,Michael2015
STATE_926,STATE_926,bayesian,Yes,sample,change,posterior,Michael2015
STATE_927,STATE_927,bayesian,Yes,sample,change,posterior,Michael2015
STATE_928,STATE_928,bayesian,Yes,sample,change,posterior,Michael2015
STATE_929,STATE_929,bayesian,Yes,sample,change,posterior,Michael2015
STATE_930,STATE_930,bayesian,Yes,sample,change,posterior,Michael2015
STATE_931,STATE_931,bayesian,Yes,sample,change,posterior,Michael2015
STATE_932,STATE_932,bayesian,Yes,sample,change,posterior,Michael2015
STATE_933,STATE_933,bayesian,Yes,sample,change,posterior,Michael2015
STATE_934,STATE_934,bayesian,Yes,sample,change,posterior,Michael2015
STATE_935,STATE_935,bayesian,Yes,sample,change,posterior,Michael2015
STATE_936,STATE_936,bayesian,Yes,sample,change,posterior,Michael2015
STATE_937,STATE_937,bayesian,Yes,sample,change,posterior,Michael2015
STATE_938,STATE_938,bayesian,Yes,sample,change,posterior,Michael2015
STATE_939,STATE_939,bayesian,Yes,sample,change,posterior,Michael2015
STATE_940,STATE_940,bayesian,Yes,sample,change,posterior,Michael2015
STATE_941,STATE_941,bayesian,Yes,sample,change,posterior,Michael2015
STATE_942,STATE_942,bayesian,Yes,sample,change,posterior,Michael2015
STATE_943,STATE_943,bayesian,Yes,sample,change,posterior,Michael2015
STATE_944,STATE_944,bayesian,Yes,sample,change,posterior,Michael2015
STATE_945,STATE_945,bayesian,Yes,sample,change,posterior,Michael2015
STATE_946,STATE_946,bayesian,Yes,sample,change,posterior,Michael2015
STATE_947,STATE_947,bayesian,Yes,sample,change,posterior,Michael2015
STATE_948,STATE_948,bayesian,Yes,sample,change,posterior,Michael2015
STATE_949,STATE_949,bayesian,Yes,sample,change,posterior,Michael2015
STATE_950,STATE_950,bayesian,Yes,sample,change,posterior,Michael2015
STATE_951,STATE_951,bayesian,Yes,sample,change,posterior,Michael2015
STATE_952,STATE_952,bayesian,Yes,sample,change,posterior,Michael2015
STATE_953,STATE_953,bayesian,Yes,sample,change,posterior,Michael2015
STATE_954,STATE_954,bayesian,Yes,sample,change,posterior,Michael2015
STATE_955,STATE_955,bayesian,Yes,sample,change,posterior,Michael2015
STATE_956,STATE_956,bayesian,Yes,sample,change,posterior,Michael2015
STATE_957,STATE_957,bayesian,Yes,sample,change,posterior,Michael2015
STATE_958,STATE_958,bayesian,Yes,sample,change,posterior,Michael2015
STATE_959,STATE_959,bayesian,Yes,sample,change,posterior,Michael2015
STATE_960,STATE_960,bayesian,Yes,sample,change,posterior,Michael2015
STATE_961,STATE_961,bayesian,Yes,sample,change,posterior,Michael2015
STATE_962,STATE_962,bayesian,Yes,sample,change,posterior,Michael2015
STATE_963,STATE_963,bayesian,Yes,sample,change,posterior,Michael2015
STATE_964,STATE_964,bayesian,Yes,sample,change,posterior,Michael2015
STATE_965,STATE_965,bayesian,Yes,sample,change,posterior,Michael2015
STATE_966,STATE_966,bayesian,Yes,sample,change,posterior,Michael2015
STATE_967,STATE_967,bayesian,Yes,sample,change,posterior,Michael2015
STATE_968,STATE_968,bayesian,Yes,sample,change,posterior,Michael2015
STATE_969,STATE_969,bayesian,Yes,sample,change,posterior,Michael2015
STATE_970,STATE_970,bayesian,Yes,sample,change,posterior,Michael2015
STATE_971,STATE_971,bayesian,Yes,sample,change,posterior,Michael2015
STATE_972,STATE_972,bayesian,Yes,sample,change,posterior,Michael2015
STATE_973,STATE_973,bayesian,Yes,sample,change,posterior,Michael2015
STATE_974,STATE_974,bayesian,Yes,sample,change,posterior,Michael2015
STATE_975,STATE_975,bayesian,Yes,sample,change,posterior,Michael2015
STATE_976,STATE_976,bayesian,Yes,sample,change,posterior,Michael2015
STATE_977,STATE_977,bayesian,Yes,sample,change,posterior,Michael2015
STATE_978,STATE_978,bayesian,Yes,sample,change,posterior,Michael2015
STATE_979,STATE_979,bayesian,Yes,sample,change,posterior,Michael2015
STATE_980,STATE_980,bayesian,Yes,sample,change,posterior,Michael2015
STATE_981,STATE_981,bayesian,Yes,sample,change,posterior,Michael2015
STATE_982,STATE_982,bayesian,Yes,sample,change,posterior,Michael2015
STATE_983,STATE_983,bayesian,Yes,sample,change,posterior,Michael2015
STATE_984,STATE_984,bayesian,Yes,sample,change,posterior,Michael2015
STATE_985,STATE_985,bayesian,Yes,sample,change,posterior,Michael2015
STATE_986,STATE_986,bayesian,Yes,sample,change,posterior,Michael2015
STATE_987,STATE_987,bayesian,Yes,sample,change,posterior,Michael2015
STATE_988,STATE_988,bayesian,Yes,sample,change,posterior,Michael2015
STATE_989,STATE_989,bayesian,Yes,sample,change,posterior,Michael2015
STATE_990,STATE_990,bayesian,Yes,sample,change,posterior,Michael2015
STATE_991,STATE_991,bayesian,Yes,sample,change,posterior,Michael2015
STATE_992,STATE_992,bayesian,Yes,sample,change,posterior,Michael2015
STATE_993,STATE_993,bayesian,Yes,sample,change,posterior,Michael2015
STATE_994,STATE_994,bayesian,Yes,sample,change,posterior,Michael2015
STATE_995,STATE_995,bayesian,Yes,sample,change,posterior,Michael2015
STATE_996,STATE_996,bayesian,Yes,sample,change,posterior,Michael2015
STATE_997,STATE_997,bayesian,Yes,sample,change,posterior,Michael2015
STATE_998,STATE_998,bayesian,Yes,sample,change,posterior,Michael2015
STATE_999,STATE_999,bayesian,Yes,sample,change,posterior,Michael2015
STATE_1000,STATE_1000,bayesian,Yes,sample,change,posterior,Michael2015
